{"cameraMode":{"drawMode":0,"name":"Shaded","section":"Shading Mode"},"sceneLighting":true,"audioPlay":false,"sceneViewState":{"showFog":false,"showMaterialUpdate":false,"showSkybox":false,"showFlares":false,"showImageEffects":false,"showParticleSystems":false},"in2DMode":false,"pivot":{"x":12.09653377532959,"y":5.057836532592773,"z":15.389874458312989},"rotation":{"x":0.09174936264753342,"y":0.8895877003669739,"z":-0.3975967764854431,"w":0.20529258251190186},"size":1.1771986484527588,"orthographic":false}